deepseek_verdict,Count,Percentage (%)
CORRECT,440,65.67164179104478
INCORRECT,210,31.343283582089555
SKIPPED,20,2.9850746268656714
