Year,Average Difficulty,Difficulty Percentage
2011,5.5675675675675675,55.68%
2012,4.98,49.8%
2013,5.2,52.0%
2014,5.130434782608695,51.3%
2015,5.046511627906977,50.47%
2016,5.355555555555555,53.56%
2017,4.511627906976744,45.12%
2018,5.790697674418604,57.91%
2019,4.934782608695652,49.35%
2020,5.5675675675675675,55.68%
2021,5.543478260869565,55.43%
2022,5.229166666666667,52.29%
2023,4.914893617021277,49.15%
2024,4.875,48.75%
2025,5.0,50.0%
